{"cameraMode":{"drawMode":0,"name":"Shaded","section":"Shading Mode"},"sceneLighting":true,"audioPlay":false,"sceneViewState":{"m_AlwaysRefresh":false,"showFog":false,"showSkybox":false,"showFlares":false,"showImageEffects":false,"showParticleSystems":false,"showVisualEffectGraphs":true,"m_FxEnabled":true},"in2DMode":false,"pivot":{"x":-148.52781677246095,"y":-1.6649360656738282,"z":60.309349060058597},"rotation":{"x":-0.47612205147743227,"y":-0.009597141295671463,"z":-0.004966798238456249,"w":0.8794694542884827},"size":91.9334487915039,"orthographic":true}